<?xml version='1.0' encoding='UTF-8'?>
<gresources>
	<gresource prefix='/org/gnome/Planaro'>
		<file preprocess='to-pixdata'>assets/checkbox-checked.png</file>
		<file preprocess='to-pixdata'>assets/checkbox-checked@2.png</file>
		<file preprocess='to-pixdata'>assets/checkbox-checked-insensitive.png</file>
		<file preprocess='to-pixdata'>assets/checkbox-unchecked-insensitive@2.png</file>
		<file preprocess='to-pixdata'>assets/checkbox-checked-insensitive@2.png</file>
		<file preprocess='to-pixdata'>assets/checkbox-unchecked.png</file>
		<file preprocess='to-pixdata'>assets/checkbox-unchecked-insensitive.png</file>
		<file preprocess='to-pixdata'>assets/radio-unchecked-insensitive.png</file>
		<file preprocess='to-pixdata'>assets/checkbox-unchecked@2.png</file>
		<file preprocess='to-pixdata'>assets/checkbox-mixed.png</file>
		<file preprocess='to-pixdata'>assets/checkbox-mixed-insensitive.png</file>
		<file preprocess='to-pixdata'>assets/checkbox-mixed@2.png</file>
		<file preprocess='to-pixdata'>assets/checkbox-mixed-insensitive@2.png</file>
		<file preprocess='to-pixdata'>assets/radio-checked-insensitive.png</file>
		<file preprocess='to-pixdata'>assets/radio-checked.png</file>
		<file preprocess='to-pixdata'>assets/radio-checked-insensitive@2.png</file>
		<file preprocess='to-pixdata'>assets/radio-checked@2.png</file>
		<file preprocess='to-pixdata'>assets/titlebutton-minimize.png</file>
		<file preprocess='to-pixdata'>assets/radio-unchecked.png</file>
		<file preprocess='to-pixdata'>assets/radio-unchecked-insensitive@2.png</file>
		<file preprocess='to-pixdata'>assets/radio-unchecked@2.png</file>
		<file preprocess='to-pixdata'>assets/radio-mixed.png</file>
		<file preprocess='to-pixdata'>assets/radio-mixed-insensitive.png</file>
		<file preprocess='to-pixdata'>assets/radio-mixed@2.png</file>
		<file preprocess='to-pixdata'>assets/radio-mixed-insensitive@2.png</file>
		<file preprocess='to-pixdata'>assets/checkbox-checked-selected.png</file>
		<file preprocess='to-pixdata'>assets/checkbox-checked-insensitive-selected.png</file>
		<file preprocess='to-pixdata'>assets/checkbox-checked-selected@2.png</file>
		<file preprocess='to-pixdata'>assets/checkbox-checked-insensitive-selected@2.png</file>
		<file preprocess='to-pixdata'>assets/checkbox-unchecked-selected.png</file>
		<file preprocess='to-pixdata'>assets/checkbox-unchecked-insensitive-selected.png</file>
		<file preprocess='to-pixdata'>assets/checkbox-unchecked-selected@2.png</file>
		<file preprocess='to-pixdata'>assets/checkbox-unchecked-insensitive-selected@2.png</file>
		<file preprocess='to-pixdata'>assets/checkbox-mixed-selected.png</file>
		<file preprocess='to-pixdata'>assets/checkbox-mixed-insensitive-selected.png</file>
		<file preprocess='to-pixdata'>assets/checkbox-mixed-selected@2.png</file>
		<file preprocess='to-pixdata'>assets/checkbox-mixed-insensitive-selected@2.png</file>
		<file preprocess='to-pixdata'>assets/checkbox-checked-selectionmode.png</file>
		<file preprocess='to-pixdata'>assets/checkbox-selectionmode.png</file>
		<file preprocess='to-pixdata'>assets/checkbox-checked-selectionmode@2.png</file>
		<file preprocess='to-pixdata'>assets/checkbox-selectionmode@2.png</file>
		<file preprocess='to-pixdata'>assets/radio-checked-selected.png</file>
		<file preprocess='to-pixdata'>assets/radio-checked-insensitive-selected.png</file>
		<file preprocess='to-pixdata'>assets/radio-checked-selected@2.png</file>
		<file preprocess='to-pixdata'>assets/radio-checked-insensitive-selected@2.png</file>
		<file preprocess='to-pixdata'>assets/radio-unchecked-selected.png</file>
		<file preprocess='to-pixdata'>assets/radio-unchecked-insensitive-selected.png</file>
		<file preprocess='to-pixdata'>assets/radio-unchecked-selected@2.png</file>
		<file preprocess='to-pixdata'>assets/radio-unchecked-insensitive-selected@2.png</file>
		<file preprocess='to-pixdata'>assets/radio-mixed-selected.png</file>
		<file preprocess='to-pixdata'>assets/radio-mixed-insensitive-selected.png</file>
		<file preprocess='to-pixdata'>assets/radio-mixed-selected@2.png</file>
		<file preprocess='to-pixdata'>assets/radio-mixed-insensitive-selected@2.png</file>
		<file preprocess='to-pixdata'>assets/switch.png</file>
		<file preprocess='to-pixdata'>assets/switch-active.png</file>
		<file preprocess='to-pixdata'>assets/switch@2.png</file>
		<file preprocess='to-pixdata'>assets/switch-active@2.png</file>
		<file preprocess='to-pixdata'>assets/switch-insensitive.png</file>
		<file preprocess='to-pixdata'>assets/switch-active-insensitive.png</file>
		<file preprocess='to-pixdata'>assets/switch-insensitive@2.png</file>
		<file preprocess='to-pixdata'>assets/switch-active-insensitive@2.png</file>
		<file preprocess='to-pixdata'>assets/switch-header.png</file>
		<file preprocess='to-pixdata'>assets/switch-active-header.png</file>
		<file preprocess='to-pixdata'>assets/switch-header@2.png</file>
		<file preprocess='to-pixdata'>assets/switch-active-header@2.png</file>
		<file preprocess='to-pixdata'>assets/switch-insensitive-header.png</file>
		<file preprocess='to-pixdata'>assets/switch-active-insensitive-header.png</file>
		<file preprocess='to-pixdata'>assets/switch-insensitive-header@2.png</file>
		<file preprocess='to-pixdata'>assets/switch-active-insensitive-header@2.png</file>
		<file preprocess='to-pixdata'>assets/switch-selected.png</file>
		<file preprocess='to-pixdata'>assets/switch-active-selected.png</file>
		<file preprocess='to-pixdata'>assets/switch-selected@2.png</file>
		<file preprocess='to-pixdata'>assets/switch-active-selected@2.png</file>
		<file preprocess='to-pixdata'>assets/switch-insensitive-selected.png</file>
		<file preprocess='to-pixdata'>assets/switch-active-insensitive-selected.png</file>
		<file preprocess='to-pixdata'>assets/switch-insensitive-selected@2.png</file>
		<file preprocess='to-pixdata'>assets/switch-active-insensitive-selected@2.png</file>
		<file preprocess='to-pixdata'>assets/titlebutton-close.png</file>
		<file preprocess='to-pixdata'>assets/titlebutton-close-backdrop.png</file>
		<file preprocess='to-pixdata'>assets/titlebutton-close@2.png</file>
		<file preprocess='to-pixdata'>assets/titlebutton-close-backdrop@2.png</file>
		<file preprocess='to-pixdata'>assets/titlebutton-close-hover.png</file>
		<file preprocess='to-pixdata'>assets/titlebutton-close-active.png</file>
		<file preprocess='to-pixdata'>assets/titlebutton-close-hover@2.png</file>
		<file preprocess='to-pixdata'>assets/titlebutton-close-active@2.png</file>
		<file preprocess='to-pixdata'>assets/titlebutton-maximize.png</file>
		<file preprocess='to-pixdata'>assets/titlebutton-maximize-backdrop.png</file>
		<file preprocess='to-pixdata'>assets/titlebutton-maximize@2.png</file>
		<file preprocess='to-pixdata'>assets/titlebutton-maximize-backdrop@2.png</file>
		<file preprocess='to-pixdata'>assets/titlebutton-maximize-hover.png</file>
		<file preprocess='to-pixdata'>assets/titlebutton-maximize-active.png</file>
		<file preprocess='to-pixdata'>assets/titlebutton-maximize-hover@2.png</file>
		<file preprocess='to-pixdata'>assets/titlebutton-maximize-active@2.png</file>
		<file preprocess='to-pixdata'>assets/titlebutton-minimize-backdrop.png</file>
		<file preprocess='to-pixdata'>assets/radio-unchecked-dark@2.png</file>
		<file preprocess='to-pixdata'>assets/titlebutton-minimize@2.png</file>
		<file preprocess='to-pixdata'>assets/titlebutton-minimize-backdrop@2.png</file>
		<file preprocess='to-pixdata'>assets/titlebutton-minimize-hover.png</file>
		<file preprocess='to-pixdata'>assets/titlebutton-minimize-active.png</file>
		<file preprocess='to-pixdata'>assets/titlebutton-minimize-hover@2.png</file>
		<file preprocess='to-pixdata'>assets/titlebutton-minimize-active@2.png</file>
		<file preprocess='to-pixdata'>assets/checkbox-checked-dark.png</file>
		<file preprocess='to-pixdata'>assets/checkbox-checked-insensitive-dark.png</file>
		<file preprocess='to-pixdata'>assets/checkbox-checked-dark@2.png</file>
		<file preprocess='to-pixdata'>assets/checkbox-checked-insensitive-dark@2.png</file>
		<file preprocess='to-pixdata'>assets/checkbox-unchecked-dark.png</file>
		<file preprocess='to-pixdata'>assets/checkbox-unchecked-insensitive-dark.png</file>
		<file preprocess='to-pixdata'>assets/checkbox-unchecked-dark@2.png</file>
		<file preprocess='to-pixdata'>assets/checkbox-unchecked-insensitive-dark@2.png</file>
		<file preprocess='to-pixdata'>assets/checkbox-mixed-dark.png</file>
		<file preprocess='to-pixdata'>assets/checkbox-mixed-insensitive-dark.png</file>
		<file preprocess='to-pixdata'>assets/checkbox-mixed-dark@2.png</file>
		<file preprocess='to-pixdata'>assets/checkbox-mixed-insensitive-dark@2.png</file>
		<file preprocess='to-pixdata'>assets/checkbox-checked-selectionmode-dark.png</file>
		<file preprocess='to-pixdata'>assets/checkbox-selectionmode-dark.png</file>
		<file preprocess='to-pixdata'>assets/checkbox-checked-selectionmode-dark@2.png</file>
		<file preprocess='to-pixdata'>assets/checkbox-selectionmode-dark@2.png</file>
		<file preprocess='to-pixdata'>assets/radio-checked-dark.png</file>
		<file preprocess='to-pixdata'>assets/radio-checked-insensitive-dark.png</file>
		<file preprocess='to-pixdata'>assets/radio-checked-dark@2.png</file>
		<file preprocess='to-pixdata'>assets/radio-checked-insensitive-dark@2.png</file>
		<file preprocess='to-pixdata'>assets/radio-unchecked-dark.png</file>
		<file preprocess='to-pixdata'>assets/radio-unchecked-insensitive-dark.png</file>
		<file preprocess='to-pixdata'>assets/radio-unchecked-insensitive-dark@2.png</file>
		<file preprocess='to-pixdata'>assets/radio-mixed-dark.png</file>
		<file preprocess='to-pixdata'>assets/radio-mixed-insensitive-dark.png</file>
		<file preprocess='to-pixdata'>assets/radio-mixed-dark@2.png</file>
		<file preprocess='to-pixdata'>assets/radio-mixed-insensitive-dark@2.png</file>
		<file preprocess='to-pixdata'>assets/switch-dark.png</file>
		<file preprocess='to-pixdata'>assets/switch-active-dark.png</file>
		<file preprocess='to-pixdata'>assets/switch-dark@2.png</file>
		<file preprocess='to-pixdata'>assets/switch-active-dark@2.png</file>
		<file preprocess='to-pixdata'>assets/switch-insensitive-dark.png</file>
		<file preprocess='to-pixdata'>assets/switch-active-insensitive-dark.png</file>
		<file preprocess='to-pixdata'>assets/titlebutton-minimize-dark.png</file>
		<file preprocess='to-pixdata'>assets/switch-insensitive-dark@2.png</file>
		<file preprocess='to-pixdata'>assets/switch-active-insensitive-dark@2.png</file>
		<file preprocess='to-pixdata'>assets/switch-header-dark.png</file>
		<file preprocess='to-pixdata'>assets/switch-active-header-dark.png</file>
		<file preprocess='to-pixdata'>assets/switch-header-dark@2.png</file>
		<file preprocess='to-pixdata'>assets/switch-active-header-dark@2.png</file>
		<file preprocess='to-pixdata'>assets/switch-insensitive-header-dark.png</file>
		<file preprocess='to-pixdata'>assets/switch-active-insensitive-header-dark.png</file>
		<file preprocess='to-pixdata'>assets/switch-insensitive-header-dark@2.png</file>
		<file preprocess='to-pixdata'>assets/switch-active-insensitive-header-dark@2.png</file>
		<file preprocess='to-pixdata'>assets/titlebutton-close-dark.png</file>
		<file preprocess='to-pixdata'>assets/titlebutton-close-backdrop-dark.png</file>
		<file preprocess='to-pixdata'>assets/titlebutton-close-dark@2.png</file>
		<file preprocess='to-pixdata'>assets/titlebutton-close-backdrop-dark@2.png</file>
		<file preprocess='to-pixdata'>assets/titlebutton-close-hover-dark.png</file>
		<file preprocess='to-pixdata'>assets/titlebutton-close-active-dark.png</file>
		<file preprocess='to-pixdata'>assets/titlebutton-close-hover-dark@2.png</file>
		<file preprocess='to-pixdata'>assets/titlebutton-close-active-dark@2.png</file>
		<file preprocess='to-pixdata'>assets/titlebutton-maximize-dark.png</file>
		<file preprocess='to-pixdata'>assets/titlebutton-maximize-backdrop-dark.png</file>
		<file preprocess='to-pixdata'>assets/titlebutton-maximize-dark@2.png</file>
		<file preprocess='to-pixdata'>assets/titlebutton-maximize-backdrop-dark@2.png</file>
		<file preprocess='to-pixdata'>assets/titlebutton-maximize-hover-dark.png</file>
		<file preprocess='to-pixdata'>assets/titlebutton-maximize-active-dark.png</file>
		<file preprocess='to-pixdata'>assets/titlebutton-maximize-hover-dark@2.png</file>
		<file preprocess='to-pixdata'>assets/titlebutton-maximize-active-dark@2.png</file>
		<file preprocess='to-pixdata'>assets/titlebutton-minimize-backdrop-dark.png</file>
		<file preprocess='to-pixdata'>assets/titlebutton-minimize-dark@2.png</file>
		<file preprocess='to-pixdata'>assets/titlebutton-minimize-backdrop-dark@2.png</file>
		<file preprocess='to-pixdata'>assets/titlebutton-minimize-hover-dark.png</file>
		<file preprocess='to-pixdata'>assets/titlebutton-minimize-active-dark.png</file>
		<file preprocess='to-pixdata'>assets/titlebutton-minimize-hover-dark@2.png</file>
		<file preprocess='to-pixdata'>assets/titlebutton-minimize-active-dark@2.png</file>
		<file>gtk-contained.css</file>
		<file>gtk-contained-dark.css</file>
	</gresource>
</gresources>
